{
  "worldZones": {
    "-1": {
      "dimensionID": -1,
      "areaZones": [],
      "id": 3,
      "playerPermissions": {},
      "groupPermissions": {}
    },
    "0": {
      "dimensionID": 0,
      "areaZones": [
        {
          "name": "block_door",
          "area": {
            "high": {
              "x": 96,
              "y": 73,
              "z": 237
            },
            "low": {
              "x": 93,
              "y": 70,
              "z": 236
            }
          },
          "shape": "BOX",
          "priority": 0,
          "id": 1,
          "playerPermissions": {},
          "groupPermissions": {
            "_ALL_": {
              "fe.protection.zone.knockback": "false"
            }
          }
        },
        {
          "name": "questcave",
          "area": {
            "high": {
              "x": 100,
              "y": 73,
              "z": -10
            },
            "low": {
              "x": 93,
              "y": 54,
              "z": -55
            }
          },
          "shape": "BOX",
          "priority": 0,
          "id": 2,
          "playerPermissions": {},
          "groupPermissions": {
            "_ALL_": {
              "fe.protection.break*": "true",
              "fe.protection.break.*": "true",
              "fe.protection.place.*": "true"
            }
          }
        },
        {
          "name": "dungeon_entrance",
          "area": {
            "high": {
              "x": 125,
              "y": 174,
              "z": -144
            },
            "low": {
              "x": 117,
              "y": 150,
              "z": -154
            }
          },
          "shape": "BOX",
          "priority": 0,
          "id": 4,
          "playerPermissions": {},
          "groupPermissions": {
            "_ALL_": {
              "fe.protection.break.*": "false",
              "fe.protection.place.*": "false"
            }
          }
        },
        {
          "name": "block_village1",
          "area": {
            "high": {
              "x": 74,
              "y": 128,
              "z": 256
            },
            "low": {
              "x": 70,
              "y": 70,
              "z": 140
            }
          },
          "shape": "BOX",
          "priority": 0,
          "id": 1,
          "playerPermissions": {},
          "groupPermissions": {
            "_ALL_": {
              "fe.protection.zone.knockback": "false"
            }
          }
        },
        {
          "name": "block_village3",
          "area": {
            "high": {
              "x": 136,
              "y": 128,
              "z": 257
            },
            "low": {
              "x": 132,
              "y": 70,
              "z": 139
            }
          },
          "shape": "BOX",
          "priority": 0,
          "id": 3,
          "playerPermissions": {},
          "groupPermissions": {
            "_ALL_": {
              "fe.protection.zone.knockback": "false"
            }
          }
        },
        {
          "name": "village",
          "area": {
            "high": {
              "x": 132,
              "y": 90,
              "z": 256
            },
            "low": {
              "x": 70,
              "y": 60,
              "z": 140
            }
          },
          "shape": "BOX",
          "priority": 0,
          "id": 1,
          "playerPermissions": {},
          "groupPermissions": {
            "_ALL_": {
              "fe.protection.break.*": "false",
              "fe.protection.place.*": "false"
            }
          }
        },
        {
          "name": "block_village2",
          "area": {
            "high": {
              "x": 126,
              "y": 128,
              "z": 140
            },
            "low": {
              "x": 74,
              "y": 70,
              "z": 136
            }
          },
          "shape": "BOX",
          "priority": 0,
          "id": 2,
          "playerPermissions": {},
          "groupPermissions": {
            "_ALL_": {
              "fe.protection.zone.knockback": "false"
            }
          }
        },
        {
          "name": "block_village4",
          "area": {
            "high": {
              "x": 127,
              "y": 128,
              "z": 256
            },
            "low": {
              "x": 74,
              "y": 64,
              "z": 252
            }
          },
          "shape": "BOX",
          "priority": 0,
          "id": 4,
          "playerPermissions": {},
          "groupPermissions": {
            "_ALL_": {
              "fe.protection.zone.knockback": "false"
            }
          }
        }
      ],
      "id": 4,
      "playerPermissions": {},
      "groupPermissions": {}
    },
    "1": {
      "dimensionID": 1,
      "areaZones": [],
      "id": 2,
      "playerPermissions": {},
      "groupPermissions": {}
    },
    "102": {
      "dimensionID": 102,
      "areaZones": [],
      "id": 1,
      "playerPermissions": {},
      "groupPermissions": {
        "_ALL_": {
          "some.test.permission": "true"
        }
      }
    },
    "105": {
      "dimensionID": 105,
      "areaZones": [
        {
          "name": "firedungeon",
          "area": {
            "high": {
              "x": 500,
              "y": 250,
              "z": 500
            },
            "low": {
              "x": -500,
              "y": 0,
              "z": -500
            }
          },
          "shape": "BOX",
          "priority": 0,
          "id": 5,
          "playerPermissions": {},
          "groupPermissions": {
            "_ALL_": {
              "fe.protection.break.*": "false",
              "fe.protection.place.*": "false"
            }
          }
        }
      ],
      "id": 3,
      "playerPermissions": {},
      "groupPermissions": {}
    },
    "100": {
      "dimensionID": 100,
      "areaZones": [],
      "id": 1,
      "playerPermissions": {},
      "groupPermissions": {
        "_ALL_": {
          "some.test.permission": "false"
        }
      }
    },
    "210": {
      "dimensionID": 210,
      "areaZones": [],
      "id": 1,
      "playerPermissions": {},
      "groupPermissions": {
        "_ALL_": {
          "some.test.permission": "false"
        }
      }
    }
  },
  "playerGroups": {},
  "id": 1,
  "playerPermissions": {
    "(fefefefe-fefe-fefe-fefe-fefefefefefe|$SERVER)": {
      "*": "true",
      "fe.internal.player.known": "true"
    },
    "(fefefefe-fefe-fefe-fefe-fefefefefeec|$FE_ECONOMY)": {
      "fe.economy.command.wallet.*": "true",
      "command.give": "true",
      "fe.internal.player.known": "true"
    },
    "(fefefefe-fefe-fefe-fefe-fefefefefecc|$RCON)": {
      "*": "true",
      "fe.internal.player.known": "true"
    },
    "(fefefefe-fefe-fefe-fefe-fefefefefecb|$COMMANDBLOCK)": {
      "*": "true",
      "fe.internal.player.known": "true"
    },
    "(6089232f-05ad-4a55-b01e-c12c07fa64f1|JessePeter)": {
      "fe.internal.player.known": "true"
    },
    "(e6ce70cd-b7cc-34be-b059-93e41d35480c|Player30)": {
      "fe.internal.player.known": "true"
    },
    "(fc74fe37-e9f9-3198-8e46-1eee97cacfa6|Player455)": {
      "fe.internal.player.known": "true"
    },
    "(409ad871-75ba-3dbd-b116-807d64800e7d|Player730)": {
      "fe.internal.player.known": "true"
    },
    "(bce7419c-5709-3ee4-a73f-d19725fe2893|Player161)": {
      "fe.internal.player.known": "true"
    },
    "(df2d3e26-a8b7-3aae-9296-f3a891282132|Player887)": {
      "fe.internal.player.known": "true"
    },
    "(dfdc5dbd-4a0e-3b6a-a815-601a03741434|Player116)": {
      "fe.internal.player.known": "true"
    },
    "(4c4af65a-e991-33a8-a762-2d145c215578|Player875)": {
      "fe.internal.player.known": "true"
    },
    "(72f1bdc6-4b0d-3d9c-9462-229fd961a627|Player264)": {
      "fe.internal.player.known": "true"
    },
    "(2b98548a-5e09-3029-b082-b4c99d31d926|Player304)": {
      "fe.internal.player.known": "true"
    },
    "(aeca01bf-232e-37a2-985b-599827b3226a|Player744)": {
      "fe.internal.player.known": "true"
    },
    "(184a029e-ad3d-3abd-8a1a-c044d35081d5|Player371)": {
      "fe.internal.player.known": "true"
    },
    "(1e0b9d62-e071-33ba-b82e-1c564a46e2f0|Player353)": {
      "fe.internal.player.known": "true"
    },
    "(7ba45a5a-c3de-3909-ba3c-f9f78edf15b6|Player396)": {
      "fe.internal.player.known": "true"
    },
    "(0aee4775-e8b4-37ed-8049-6be96ef5de8e|Player339)": {
      "fe.internal.player.known": "true"
    },
    "(588419cf-d7d5-3f7b-8fe7-89996b3b7551|Player54)": {
      "fe.internal.player.known": "true"
    },
    "(2814925e-9add-35ba-8fa3-433e445fe43d|Player799)": {
      "fe.internal.player.known": "true"
    },
    "(eb8c7ff5-884e-3537-a7ec-757a8e4325be|Player183)": {
      "fe.internal.player.known": "true"
    },
    "(ee37bc44-eeb3-3a18-8bd0-93b5769d5697|Player713)": {
      "fe.internal.player.known": "true"
    },
    "(596302c2-a8ac-3ac1-b055-653042871aa0|Player788)": {
      "fe.internal.player.known": "true"
    },
    "(e4e5b30f-b972-382c-b5e5-86c2e785a8a6|Player959)": {
      "fe.internal.player.known": "true"
    },
    "(b31fadf2-d5d5-36b6-a9c6-26ad19735f31|Player106)": {
      "fe.internal.player.known": "true"
    },
    "(984cf274-9eed-399c-97dc-353ad10f84a8|Player479)": {
      "fe.internal.player.known": "true"
    },
    "(15798b51-9c30-3f35-8be6-3613cb7b02a9|Player945)": {
      "fe.internal.player.known": "true"
    },
    "(69715e5e-1775-3a6c-8b64-1d82bcbbe688|Player508)": {
      "fe.internal.player.known": "true"
    },
    "(b52d0c01-e908-3f05-9150-dcf0319ded3d|Player331)": {
      "fe.internal.player.known": "true"
    },
    "(168f5f60-1523-35b7-93b7-01b2c42226b4|Player335)": {
      "fe.internal.player.known": "true"
    },
    "(09667321-9873-3aba-80be-1829d546aeb1|Player616)": {
      "fe.internal.player.known": "true"
    },
    "(0a5e4ff0-6099-36b5-b64d-a84ffa9f1f72|Player378)": {
      "fe.internal.player.known": "true"
    },
    "(58b4dcc6-56fd-3122-a1b7-3d72cc687631|Player560)": {
      "fe.internal.player.known": "true"
    },
    "(c89ac188-5207-3ca2-8ef0-ed700f7bdbef|Player820)": {
      "fe.internal.player.known": "true"
    },
    "(3ca144f4-1ff8-3e11-b846-ee12cf77a543|Player801)": {
      "fe.internal.player.known": "true"
    },
    "(0ef61a2a-d91b-37b4-a10d-af67b917d543|Player231)": {
      "fe.internal.player.known": "true"
    },
    "(a7d84b43-620c-3be0-bbc6-d96e040e37ab|Player590)": {
      "fe.internal.player.known": "true"
    },
    "(8c1ef9e6-3632-3ca3-9eee-559f6e0a39df|Player921)": {
      "fe.internal.player.known": "true"
    },
    "(b89d12f3-1740-34c6-919e-a2949a3e81fe|Player548)": {
      "fe.internal.player.known": "true"
    },
    "(d4f59999-1785-359b-b48d-ac18df657dda|Player61)": {
      "fe.internal.player.known": "true"
    },
    "(78efad11-ed05-36dd-89e2-0372af3e07e9|Player71)": {
      "fe.internal.player.known": "true"
    },
    "(2e2bbed4-8d1c-3b2c-8673-c561c520e4f2|Player314)": {
      "fe.internal.player.known": "true"
    },
    "(1f3c4999-135a-3409-82bf-957837de1473|Player395)": {
      "fe.internal.player.known": "true"
    },
    "(2f4f52ff-0d3a-36b8-836b-d09e6352ef45|Player896)": {
      "fe.internal.player.known": "true"
    },
    "(f8ecce46-2a8b-3dd7-b17c-715cc94801bb|Player345)": {
      "fe.internal.player.known": "true"
    },
    "(5f90bf1f-575d-3542-89d7-731859eee6f2|Player765)": {
      "fe.internal.player.known": "true"
    },
    "(55199b58-d04f-3d22-9ce2-5472509a024b|Player621)": {
      "fe.internal.player.known": "true"
    },
    "(8cfc5391-e37d-328f-a689-9b5f6c4663f5|Player536)": {
      "fe.internal.player.known": "true"
    },
    "(575973e5-e497-3cb3-bb63-d114ffcff0b1|Player83)": {
      "fe.internal.player.known": "true"
    },
    "(6405522b-9fbb-33c3-a135-56650c3b4d76|Player176)": {
      "fe.internal.player.known": "true"
    },
    "(1ab04e7d-c966-3477-8a64-78d9a4421f72|Player348)": {
      "fe.internal.player.known": "true"
    },
    "(0d3f56a3-2b3f-38d6-a849-9d61b8f97a5c|Player277)": {
      "fe.internal.player.known": "true"
    },
    "(f2c8593c-da65-363a-88be-1cceb3b57c61|Player443)": {
      "fe.internal.player.known": "true"
    },
    "(8d101aa3-9950-3c98-bc33-0e30fb25ef8b|Player383)": {
      "fe.internal.player.known": "true"
    },
    "(07621e04-f7a0-3030-986e-2083b375ff85|Player313)": {
      "fe.internal.player.known": "true"
    },
    "(a498be5d-0142-3d23-a17c-8823a1cd27b0|Player905)": {
      "fe.internal.player.known": "true"
    },
    "(453f7d61-95c2-3540-9f32-1609f539a60e|Player564)": {
      "fe.internal.player.known": "true"
    },
    "(bdc5f32b-6d6c-3510-b82f-68a782d73b82|Player634)": {
      "fe.internal.player.known": "true"
    },
    "(a996484f-c1f5-3a23-9c5a-0656b31a193b|Player21)": {
      "fe.internal.player.known": "true"
    },
    "(af25fa27-7674-36f1-a716-e7719e15f87a|Player149)": {
      "fe.internal.player.known": "true"
    },
    "(e98cb9c7-30ea-33d5-9363-b24219bed40f|Player922)": {
      "fe.internal.player.known": "true"
    },
    "(9f83efe4-f945-3a62-8c8a-b62cdf1ee258|Player245)": {
      "fe.internal.player.known": "true"
    },
    "(494e218c-ed3e-3c18-87a9-972128e58cab|Player972)": {
      "fe.internal.player.known": "true"
    },
    "(66157e7a-53e0-3299-9208-7674efd706f9|Player210)": {
      "fe.internal.player.known": "true"
    },
    "(5648fab5-fa61-330e-8fa7-aea962bdfd7c|Player477)": {
      "fe.internal.player.known": "true"
    },
    "(24078ad8-d7e0-3e5c-a4a9-a3bc169a7177|Player461)": {
      "fe.internal.player.known": "true"
    },
    "(c03da6a3-8a6c-3375-a85a-97a8fae94902|Player860)": {
      "fe.internal.player.known": "true"
    },
    "(da6fa5b1-bd84-361d-8771-656d46818daa|Player706)": {
      "fe.internal.player.known": "true"
    },
    "(9bd3b5b5-2b26-3f14-8236-0cdd38b7c3b1|Player747)": {
      "fe.internal.player.known": "true"
    },
    "(216c785c-0df1-3594-b574-a2156a14723d|Player949)": {
      "fe.internal.player.known": "true"
    },
    "(d752da32-446a-32a0-876c-33f203010ff8|Player432)": {
      "fe.internal.player.known": "true"
    },
    "(681f539b-8bb8-3f85-85e5-a2945f6c6539|Player1)": {
      "fe.internal.player.known": "true"
    },
    "(324bf773-41c1-3c88-8191-03f2982049b1|Player457)": {
      "fe.internal.player.known": "true"
    },
    "(2638860b-4718-3fd6-a709-60419a2cda4a|Player389)": {
      "fe.internal.player.known": "true"
    },
    "(825162a0-782b-3bd7-995d-a72551a0b3e8|Player666)": {
      "fe.internal.player.known": "true"
    },
    "(63489016-3661-38ec-acb6-3029cde6f29c|Player42)": {
      "fe.internal.player.known": "true"
    },
    "(600ef575-e50b-3323-b0f1-19e3a176b08b|Player405)": {
      "fe.internal.player.known": "true"
    },
    "(13848433-7be7-350d-8b4a-c038819c2260|Player653)": {
      "fe.internal.player.known": "true"
    },
    "(29b47250-4236-34ae-8b46-7341b800b727|Player897)": {
      "fe.internal.player.known": "true"
    },
    "(05d3c308-6531-310d-988c-a6164eaf800d|Player124)": {
      "fe.internal.player.known": "true"
    },
    "(9df70e84-3251-33fb-9047-d59112057246|Player914)": {
      "fe.internal.player.known": "true"
    },
    "(d3d45e58-b5d9-369a-ac43-347ac47e2b17|Player628)": {
      "fe.internal.player.known": "true"
    },
    "(393f993c-07f1-322f-8af5-e61da4aa15d9|Player756)": {
      "fe.internal.player.known": "true"
    },
    "(5d3da959-0627-32d3-b705-b32d9ac79d00|Player225)": {
      "fe.internal.player.known": "true"
    },
    "(25b11e49-a7c5-3d9c-8271-d4f68f211051|Player578)": {}
  },
  "groupPermissions": {
    "_PLAYERS_": {
      "fe.remote.chat.send": "true",
      "fe.internal.group.priority": "1",
      "fe.internal.group": "true"
    },
    "_NPC_": {
      "fe.internal.group.name": "NPCs",
      "fe.internal.group.priority": "1",
      "fe.internal.group": "true"
    },
    "_FAKEPLAYERS_": {
      "fe.internal.group.priority": "15",
      "fe.internal.group": "true",
      "fe.protection.*": "true"
    },
    "_OPS_": {
      "fe.internal.prefix": "[\u0026cOP\u0026f]",
      "fe.internal.group.priority": "50",
      "fe.internal.group": "true"
    },
    "_ALL_": {
      "fe.remote.chat.send": "false",
      "some.test.permission": "true",
      "fe.internal.group.name": "players",
      "fe.internal.group.priority": "0",
      "fe.internal.group": "true"
    },
    "_CREATIVE_": {
      "fe.internal.group": "true"
    },
    "faction_rank_owner": {
      "fe.faction.members.*": "true",
      "fe.faction.leave": "false",
      "fe.faction.ally": "true",
      "fe.faction.friendlyfire": "true",
      "fe.faction.invite": "true",
      "fe.internal.group.priority": "18",
      "fe.internal.group.parents": "faction_rank_op",
      "fe.faction.delete": "true"
    },
    "faction_rank_op": {
      "fe.faction.members.*": "true",
      "fe.faction.ally": "true",
      "fe.faction.friendlyfire": "true",
      "fe.faction.invite": "true",
      "fe.internal.group.priority": "16"
    },
    "_ADVENTURE_": {
      "fe.internal.group": "true"
    },
    "_GUESTS_": {
      "fe.internal.prefix": "[GUEST]",
      "fe.internal.group.priority": "10",
      "fe.internal.group": "true"
    }
  }
}