{"stat.useItem.155":96,"stat.useItem.44":1,"stat.useItem.276":2,"stat.useItem.89":17,"stat.walkOneCm":89513,"stat.useItem.61":2,"stat.useItem.85":18,"achievement.openInventory":17,"stat.killEntity.Spider":1,"stat.mobKills":1,"stat.useItem.49":96,"stat.useItem.98":20,"stat.flyOneCm":143222,"stat.useItem.321":5,"stat.useItem.50":4,"stat.jump":303,"stat.swimOneCm":2066,"stat.useItem.389":3,"stat.playOneMinute":25526,"stat.useItem.1":4,"stat.useItem.109":14,"stat.damageDealt":170,"achievement.exploreAllBiomes":{"value":0,"progress":["Crag","Jungle","Seasonal Forest","Flat","River","Forest"]},"stat.useItem.58":3,"stat.diveOneCm":187}